input_id,input_type,size,runs,longest_run,duplicate_ratio,value_range,algorithm,execution_time,energy
1,random,100,55,6,0.0,960282,insertion,8.000127499997233e-05,0.0018023029999999999
1,random,100,55,6,0.0,960282,merge,6.297056099992914e-05,0.0014844930000000001
1,random,100,55,6,0.0,960282,quick3,3.083702399999311e-05,0.000706786
1,random,100,55,6,0.0,960282,heap,9.171763999916038e-06,0.000204284
2,random,1000,521,6,0.0,999391,insertion,0.009421050210000885,0.17873734
2,random,1000,521,6,0.0,999391,merge,0.0008778875000007247,0.01966426
2,random,1000,521,6,0.0,999391,quick3,0.0005034032300000036,0.01199338
2,random,1000,521,6,0.0,999391,heap,0.00011530990000096608,0.0027990700000000003
3,random,10000,5027,7,0.0044999999999999485,999818,insertion,1.0698346798999978,17.6635779
3,random,10000,5027,7,0.0044999999999999485,999818,merge,0.012352757600001495,0.25453420000000004
3,random,10000,5027,7,0.0044999999999999485,999818,quick3,0.006971522799995,0.1413876
3,random,10000,5027,7,0.0044999999999999485,999818,heap,0.0018039732000033836,0.0426207
4,random,100000,50018,8,0.04856000000000005,999982,insertion,128.03808822000008,1766.916497
4,random,100000,50018,8,0.04856000000000005,999982,merge,0.15659701100003076,2.46026
4,random,100000,50018,8,0.04856000000000005,999982,quick3,0.09600473599994075,1.902644
4,random,100000,50018,8,0.04856000000000005,999982,heap,0.03681374500001766,0.833677
5,sorted,100,1,100,0.0,966298,insertion,3.950497999994695e-06,8.667e-05
5,sorted,100,1,100,0.0,966298,merge,5.495215700011613e-05,0.0010944799999999999
5,sorted,100,1,100,0.0,966298,quick3,2.9853905999971176e-05,0.000573851
5,sorted,100,1,100,0.0,966298,heap,1.0702969999783817e-05,0.000205016
6,sorted,1000,1,1000,0.0,999001,insertion,5.1629259999117494e-05,0.00116089
6,sorted,1000,1,1000,0.0,999001,merge,0.000685986150001554,0.013352010000000001
6,sorted,1000,1,1000,0.0,999001,quick3,0.0003578148799988412,0.00720458
6,sorted,1000,1,1000,0.0,999001,heap,0.00013004763000026287,0.00259826
7,sorted,10000,1,10000,0.0037000000000000366,999766,insertion,0.00068633820001196,0.0156921
7,sorted,10000,1,10000,0.0037000000000000366,999766,merge,0.008419067500017263,0.1476071
7,sorted,10000,1,10000,0.0037000000000000366,999766,quick3,0.004644595399986429,0.07037940000000001
7,sorted,10000,1,10000,0.0037000000000000366,999766,heap,0.0017609511000046042,0.0307372
8,sorted,100000,1,100000,0.04752999999999996,999991,insertion,0.007440625000072032,0.141479
8,sorted,100000,1,100000,0.04752999999999996,999991,merge,0.09819491400003244,1.363583
8,sorted,100000,1,100000,0.04752999999999996,999991,quick3,0.06456345400010832,0.901548
8,sorted,100000,1,100000,0.04752999999999996,999991,heap,0.02658519799979331,0.455931
9,reverse,100,100,1,0.0,998117,insertion,0.00018448868800010132,0.0026210260000000003
9,reverse,100,100,1,0.0,998117,merge,5.749979799998073e-05,0.000852537
9,reverse,100,100,1,0.0,998117,quick3,2.976674800015644e-05,0.00045855600000000005
9,reverse,100,100,1,0.0,998117,heap,1.111441700004434e-05,0.000147277
10,reverse,1000,999,2,0.0010000000000000009,997536,insertion,0.02085521541000162,0.2797936
10,reverse,1000,999,2,0.0010000000000000009,997536,merge,0.0006985901199982436,0.0109332
10,reverse,1000,999,2,0.0010000000000000009,997536,quick3,0.00035267732999955115,0.005398539999999999
10,reverse,1000,999,2,0.0010000000000000009,997536,heap,0.00013205673999891587,0.0017626900000000001
11,reverse,10000,9947,2,0.005299999999999971,999804,insertion,2.320515158000012,31.265081099999996
11,reverse,10000,9947,2,0.005299999999999971,999804,merge,0.008564735000004476,0.1197263
11,reverse,10000,9947,2,0.005299999999999971,999804,quick3,0.004575814999998329,0.0666563
11,reverse,10000,9947,2,0.005299999999999971,999804,heap,0.0015394544000173482,0.0225646
12,reverse,100000,95121,4,0.04879,999985,insertion,271.9232521419999,3654.576215
12,reverse,100000,95121,4,0.04879,999985,merge,0.10154650100002982,1.333676
12,reverse,100000,95121,4,0.04879,999985,quick3,0.0587998040000457,0.779295
12,reverse,100000,95121,4,0.04879,999985,heap,0.01945089800005917,0.24359
13,nearly_sorted,100,10,27,0.0,974280,insertion,1.4710015999980896e-05,0.00021655199999999998
13,nearly_sorted,100,10,27,0.0,974280,merge,6.142657200007307e-05,0.000790281
13,nearly_sorted,100,10,27,0.0,974280,quick3,3.1188090999876295e-05,0.000395629
13,nearly_sorted,100,10,27,0.0,974280,heap,1.0968381000111549e-05,0.000137756
14,nearly_sorted,1000,93,53,0.0,997901,insertion,0.0015584852400002092,0.0207873
14,nearly_sorted,1000,93,53,0.0,997901,merge,0.0008578369199994995,0.01073972
14,nearly_sorted,1000,93,53,0.0,997901,quick3,0.00039894231000062066,0.00524656
14,nearly_sorted,1000,93,53,0.0,997901,heap,0.00012659471000006306,0.00155639
15,nearly_sorted,10000,905,92,0.0040999999999999925,999760,insertion,0.1497768479000115,1.9295543
15,nearly_sorted,10000,905,92,0.0040999999999999925,999760,merge,0.010987827300004938,0.1473507
15,nearly_sorted,10000,905,92,0.0040999999999999925,999760,quick3,0.00522850729998936,0.06810279999999999
15,nearly_sorted,10000,905,92,0.0040999999999999925,999760,heap,0.0016825040999947304,0.0235534
16,nearly_sorted,100000,9041,81,0.047660000000000036,999973,insertion,16.168024485999922,201.844698
16,nearly_sorted,100000,9041,81,0.047660000000000036,999973,merge,0.14188933500008716,1.755
16,nearly_sorted,100000,9041,81,0.047660000000000036,999973,quick3,0.06361093200007417,0.821165
16,nearly_sorted,100000,9041,81,0.047660000000000036,999973,heap,0.021842792999905214,0.298339
17,multi_run,100,5,20,0.0,965172,insertion,7.721175800020319e-05,0.000974424
17,multi_run,100,5,20,0.0,965172,merge,6.652734999988752e-05,0.000823667
17,multi_run,100,5,20,0.0,965172,quick3,3.510398499997791e-05,0.000432799
17,multi_run,100,5,20,0.0,965172,heap,1.0968076999915866e-05,0.000130188
18,multi_run,1000,5,200,0.0,997005,insertion,0.008561495700000706,0.10336522000000001
18,multi_run,1000,5,200,0.0,997005,merge,0.0007943507300001329,0.01021359
18,multi_run,1000,5,200,0.0,997005,quick3,0.0005015518000004704,0.00643736
18,multi_run,1000,5,200,0.0,997005,heap,0.00012964192000026743,0.00160583
19,multi_run,10000,5,2000,0.0040999999999999925,999950,insertion,0.9525163584999973,12.0799068
19,multi_run,10000,5,2000,0.0040999999999999925,999950,merge,0.009479319599995506,0.12880819999999998
19,multi_run,10000,5,2000,0.0040999999999999925,999950,quick3,0.006367734800005564,0.0834531
19,multi_run,10000,5,2000,0.0040999999999999925,999950,heap,0.0016763066000066828,0.0219543
20,multi_run,100000,5,20000,0.05006999999999995,999990,insertion,103.0930516410001,1343.439676
20,multi_run,100000,5,20000,0.05006999999999995,999990,merge,0.1108708659999138,1.481991
20,multi_run,100000,5,20000,0.05006999999999995,999990,quick3,0.07320394700013821,0.969541
20,multi_run,100000,5,20000,0.05006999999999995,999990,heap,0.022266851000040333,0.315795
21,duplicate_heavy,100,46,4,0.9,90,insertion,7.875866199992743e-05,0.0010259370000000002
21,duplicate_heavy,100,46,4,0.9,90,merge,6.818346899990501e-05,0.000893247
21,duplicate_heavy,100,46,4,0.9,90,quick3,1.056565200019577e-05,0.000145142
21,duplicate_heavy,100,46,4,0.9,90,heap,8.521481000116182e-06,0.000105285
22,duplicate_heavy,1000,467,6,0.99,90,insertion,0.009913517429999956,0.12822477
22,duplicate_heavy,1000,467,6,0.99,90,merge,0.0009103422399994088,0.01192685
22,duplicate_heavy,1000,467,6,0.99,90,quick3,0.00010103522000008524,0.00126526
22,duplicate_heavy,1000,467,6,0.99,90,heap,0.0001138080999999147,0.00154724
23,duplicate_heavy,10000,4479,8,0.999,90,insertion,0.9922011625999858,12.8210793
23,duplicate_heavy,10000,4479,8,0.999,90,merge,0.011340338899981362,0.1488338
23,duplicate_heavy,10000,4479,8,0.999,90,quick3,0.0012438859999974738,0.0169738
23,duplicate_heavy,10000,4479,8,0.999,90,heap,0.0013827711000203636,0.018689
24,duplicate_heavy,100000,44861,9,0.9999,90,insertion,99.10157022900012,1257.142168
24,duplicate_heavy,100000,44861,9,0.9999,90,merge,0.1367444309998973,1.660213
24,duplicate_heavy,100000,44861,9,0.9999,90,quick3,0.01085250599999199,0.135742
24,duplicate_heavy,100000,44861,9,0.9999,90,heap,0.015273988999979338,0.188049
25,skewed,100,53,4,0.040000000000000036,9790772,insertion,9.984545899988006e-05,0.001284054
25,skewed,100,53,4,0.040000000000000036,9790772,merge,7.098886399990079e-05,0.0008849470000000001
25,skewed,100,53,4,0.040000000000000036,9790772,quick3,3.292251099992427e-05,0.000439635
25,skewed,100,53,4,0.040000000000000036,9790772,heap,1.0449526000229526e-05,0.000139038
26,skewed,1000,485,6,0.237,9938619,insertion,0.010828928500000074,0.13441433
26,skewed,1000,485,6,0.237,9938619,merge,0.0009986050700035777,0.012567710000000001
26,skewed,1000,485,6,0.237,9938619,quick3,0.0005188179499964463,0.0065991
26,skewed,1000,485,6,0.237,9938619,heap,0.00012234634999913396,0.00164734
27,skewed,10000,4945,7,0.7047,9997208,insertion,1.200811159900013,15.0117169
27,skewed,10000,4945,7,0.7047,9997208,merge,0.01312303710001288,0.1671504
27,skewed,10000,4945,7,0.7047,9997208,quick3,0.00479503240003396,0.0600402
27,skewed,10000,4945,7,0.7047,9997208,heap,0.0018024680000053195,0.025176999999999998
28,skewed,100000,49843,9,0.79109,9999732,insertion,125.73010328200007,1748.312297
28,skewed,100000,49843,9,0.79109,9999732,merge,0.15549145300019518,2.149042
28,skewed,100000,49843,9,0.79109,9999732,quick3,0.05373340100004498,0.768308
28,skewed,100000,49843,9,0.79109,9999732,heap,0.026005250999787677,0.426208
