input_id,input_type,size,runs,longest_run,duplicate_ratio,value_range,performance_label,energy_label,hybrid_label
1,random,100,55,6,0.0,960282,heap,heap,heap
2,random,1000,521,6,0.0,999391,heap,heap,heap
3,random,10000,5027,7,0.0044999999999999,999818,heap,heap,heap
4,random,100000,50018,8,0.04856,999982,heap,heap,heap
5,sorted,100,1,100,0.0,966298,insertion,insertion,insertion
6,sorted,1000,1,1000,0.0,999001,insertion,insertion,insertion
7,sorted,10000,1,10000,0.0037,999766,insertion,insertion,insertion
8,sorted,100000,1,100000,0.0475299999999999,999991,insertion,insertion,insertion
9,reverse,100,100,1,0.0,998117,heap,heap,heap
10,reverse,1000,999,2,0.001,997536,heap,heap,heap
11,reverse,10000,9947,2,0.0052999999999999,999804,heap,heap,heap
12,reverse,100000,95121,4,0.04879,999985,heap,heap,heap
13,nearly_sorted,100,10,27,0.0,974280,heap,heap,heap
14,nearly_sorted,1000,93,53,0.0,997901,heap,heap,heap
15,nearly_sorted,10000,905,92,0.0040999999999999,999760,heap,heap,heap
16,nearly_sorted,100000,9041,81,0.04766,999973,heap,heap,heap
17,multi_run,100,5,20,0.0,965172,heap,heap,heap
18,multi_run,1000,5,200,0.0,997005,heap,heap,heap
19,multi_run,10000,5,2000,0.0040999999999999,999950,heap,heap,heap
20,multi_run,100000,5,20000,0.0500699999999999,999990,heap,heap,heap
21,duplicate_heavy,100,46,4,0.9,90,heap,heap,heap
22,duplicate_heavy,1000,467,6,0.99,90,quick3,quick3,quick3
23,duplicate_heavy,10000,4479,8,0.999,90,quick3,quick3,quick3
24,duplicate_heavy,100000,44861,9,0.9999,90,quick3,quick3,quick3
25,skewed,100,53,4,0.04,9790772,heap,heap,heap
26,skewed,1000,485,6,0.237,9938619,heap,heap,heap
27,skewed,10000,4945,7,0.7047,9997208,heap,heap,heap
28,skewed,100000,49843,9,0.79109,9999732,heap,heap,heap
